externalTransactionId,clientId,securityId,transactionType,transactionDate,marketValue,priority
1,100,RELIND,Buy,02/23/2019,41.69,Y
2,101,SUNPRO,Sell,01/05/2019,44.78,N
3,102,INFY,Deposit,01/12/2019,96.14,N
4,103,RELIND,Withdraw,02/19/2019,664.45,Y
5,104,RELIND,Sell,01/25/2019,449.14,Y
6,105,INFY,Buy,05/21/2019,978.16,N
7,106,TCS,Sell,10/12/2019,988.15,N 
8,107,RELIND,Buy,10/15/2019,415.11,Y
9,108,INFY,Withdraw,09/14/2019,46.45,N
10,109,SUNPRO,Deposit,12/01/2019,98.14,Y
11,110,INFY,Deposit,09/10/2019,446.14,Y
12,111,RELIND,Sell,08/26/2019,78.15,N
13,112,INFY,Buy,06/28/2019,669.14,Y
14,113,RELIND,Withdraw,05/14/2019,42.15,Y
15,114,RELIND,Deposit,04/16/2019,789.14,N 
16,115,SUNPRO,Sell,09/04/2019,146.14,Y